iteration,rpu_lift_pct
1,19.7039
2,10.9387
3,12.8781
4,18.1291
5,15.0815
6,8.9546
7,26.0549
8,15.043
9,13.0707
10,12.8238
11,12.933
12,14.0295
13,14.9551
14,18.9291
15,21.1102
16,22.2142
17,14.5047
18,11.4012
19,18.7545
20,10.3841
21,19.8182
22,25.1805
23,12.2029
24,13.6845
25,11.051
26,10.8657
27,18.6902
28,7.1427
29,18.0453
30,17.1395
31,12.579
32,15.7867
33,11.8011
34,16.9671
35,18.4389
36,13.8895
37,10.6671
38,13.3601
39,24.0931
40,11.1682
41,16.3133
42,17.9604
43,22.8325
44,23.6357
45,21.6687
46,17.4581
47,16.1397
48,7.8798
49,21.4231
50,19.033
51,14.2206
52,17.461
53,15.3159
54,20.3617
55,11.2058
56,8.9154
57,17.9268
58,11.4825
59,20.1138
60,13.3899
61,3.8889
62,15.0027
63,12.7073
64,7.1301
65,15.9812
66,16.0085
67,16.8771
68,14.4642
69,25.5817
70,2.2928
71,13.4844
72,14.4811
73,14.5292
74,19.6136
75,19.6803
76,12.13
77,9.6946
78,18.101
79,20.028
80,15.3435
81,10.6527
82,13.0388
83,12.2334
84,7.9411
85,20.7617
86,11.5076
87,15.8695
88,14.6004
89,12.3691
90,23.9629
91,16.7857
92,15.7585
93,12.6801
94,16.036
95,19.4538
96,8.8538
97,14.2677
98,14.7805
99,12.9449
100,19.3451
101,9.6837
102,17.8377
103,19.9973
104,15.5476
105,7.6608
106,10.6069
107,15.9802
108,20.9033
109,18.0036
110,14.4194
111,10.3032
112,13.7563
113,19.0097
114,18.8174
115,11.3232
116,19.1106
117,4.7682
118,12.7263
119,10.5974
120,7.0815
121,12.5104
122,18.6581
123,16.2304
124,15.3589
125,22.0653
126,9.2883
127,22.3735
128,13.903
129,5.8489
130,18.3929
131,14.9041
132,11.2594
133,12.3387
134,6.9128
135,8.4355
136,20.1885
137,15.052
138,20.0111
139,9.1528
140,11.8664
141,17.0792
142,16.6748
143,17.5384
144,22.0503
145,13.3837
146,12.5427
147,16.7691
148,9.7618
149,12.4707
150,18.1625
151,12.2676
152,14.2465
153,14.1139
154,16.5456
155,21.0377
156,13.6723
157,19.0219
158,16.9994
159,9.5825
160,25.7657
161,19.0961
162,19.6094
163,23.8728
164,15.8237
165,16.3077
166,21.4222
167,17.502
168,14.5343
169,15.8323
170,7.231
171,16.7366
172,27.6863
173,9.9294
174,7.6227
175,19.1427
176,7.969
177,13.6655
178,15.4568
179,22.5955
180,15.0043
181,18.1611
182,11.3253
183,13.0439
184,18.8069
185,14.3672
186,13.4159
187,4.4898
188,12.6066
189,8.2268
190,5.9766
191,12.4238
192,12.5903
193,18.2998
194,16.0015
195,16.6198
196,9.4355
197,18.4574
198,10.4956
199,17.8197
200,18.1798
201,10.4757
202,21.6568
203,16.2719
204,11.3832
205,8.6772
206,22.1455
207,15.664
208,13.3323
209,8.0493
210,9.8599
211,15.819
212,16.6444
213,17.2769
214,17.191
215,13.4257
216,21.898
217,8.8872
218,9.7509
219,14.7149
220,15.2427
221,13.231
222,9.9296
223,12.2787
224,17.5787
225,17.6629
226,12.5149
227,22.7321
228,15.4001
229,11.6283
230,11.8665
231,15.6229
232,10.4311
233,13.9572
234,11.131
235,9.6639
236,20.8686
237,14.9942
238,9.2571
239,12.8974
240,19.3225
241,23.5241
242,13.3611
243,10.3025
244,10.1222
245,17.3123
246,15.8914
247,6.4483
248,12.434
249,20.9444
250,4.9141
251,13.3096
252,11.9111
253,19.3066
254,20.0597
255,7.586
256,24.9824
257,11.2746
258,16.2951
259,11.4645
260,22.2731
261,15.0108
262,13.412
263,16.9539
264,18.3276
265,15.5567
266,18.1203
267,9.9134
268,12.0404
269,21.3103
270,18.3153
271,17.601
272,13.4418
273,15.2159
274,13.5426
275,5.2979
276,13.065
277,14.7346
278,17.1264
279,14.8948
280,12.6994
281,12.7719
282,20.3255
283,20.6741
284,16.57
285,22.9936
286,17.2932
287,10.6208
288,15.1429
289,12.5911
290,17.9569
291,12.1651
292,25.9559
293,23.197
294,16.4452
295,13.6441
296,21.9251
297,10.3443
298,8.5237
299,9.5101
300,20.5478
301,9.9936
302,15.7752
303,17.6506
304,13.7481
305,9.3485
306,16.3397
307,13.679
308,20.4787
309,21.0286
310,16.1377
311,23.4579
312,10.2011
313,13.0384
314,10.7926
315,14.9812
316,14.9189
317,16.1783
318,11.3868
319,17.4341
320,19.3233
321,14.965
322,19.1738
323,8.7642
324,15.9463
325,15.8859
326,20.1852
327,5.3774
328,22.1185
329,9.3767
330,16.8741
331,16.5695
332,20.3044
333,11.2606
334,19.2433
335,12.4863
336,14.9784
337,21.3298
338,10.2311
339,13.9352
340,18.1063
341,5.5789
342,11.989
343,14.9121
344,27.9528
345,9.6747
346,11.7417
347,8.7911
348,21.4713
349,8.4548
350,9.7473
351,11.022
352,10.7804
353,18.7135
354,13.7691
355,10.9514
356,16.6667
357,12.9829
358,16.5886
359,15.3177
360,14.7109
361,15.0198
362,10.8519
363,13.1311
364,12.88
365,10.7714
366,10.2262
367,6.9043
368,15.708
369,17.1679
370,15.8256
371,14.9237
372,12.4175
373,14.0303
374,11.0329
375,9.6956
376,8.8322
377,23.5361
378,20.897
379,10.2921
380,12.6521
381,21.4349
382,17.4353
383,10.9129
384,22.8071
385,18.3249
386,16.7231
387,18.1736
388,13.8602
389,15.6335
390,10.6362
391,23.5243
392,23.4395
393,13.0158
394,13.4442
395,16.3175
396,15.6148
397,10.5764
398,12.9905
399,18.5217
400,24.8024
401,10.0337
402,18.8972
403,19.311
404,16.5536
405,18.7761
406,19.8826
407,15.7573
408,15.9709
409,17.0038
410,17.5802
411,19.1241
412,16.9149
413,13.0596
414,21.1748
415,16.0832
416,15.8598
417,20.8401
418,16.1897
419,18.1971
420,14.6004
421,18.3735
422,15.0096
423,19.9205
424,14.9927
425,17.322
426,13.5095
427,15.5057
428,21.1068
429,13.8136
430,13.416
431,13.2255
432,16.9234
433,17.7243
434,18.7917
435,20.6191
436,18.8221
437,20.4099
438,16.0514
439,18.1385
440,25.5154
441,12.004
442,17.4692
443,13.6589
444,8.3865
445,10.3504
446,22.9111
447,25.0145
448,15.4458
449,20.2019
450,18.8224
451,10.6188
452,13.2238
453,20.8234
454,5.635
455,13.0016
456,17.4536
457,15.3736
458,14.5802
459,14.3024
460,13.1197
461,17.4654
462,17.0608
463,16.2589
464,5.3918
465,18.0469
466,22.1803
467,22.9337
468,10.2636
469,13.337
470,12.2322
471,14.7125
472,27.3526
473,15.9487
474,18.5981
475,18.5059
476,5.6122
477,16.635
478,4.9209
479,6.7727
480,18.0853
481,19.1222
482,18.4038
483,8.0625
484,10.9536
485,10.1005
486,6.6602
487,7.6908
488,13.0888
489,17.0534
490,14.3627
491,10.2958
492,23.6647
493,24.1174
494,18.4692
495,12.6441
496,11.8278
497,12.0284
498,19.814
499,11.2208
500,14.5664
501,5.9165
502,18.5792
503,3.6772
504,21.786
505,12.3338
506,9.7179
507,17.9281
508,16.5254
509,18.2755
510,18.1469
511,16.6224
512,17.1113
513,12.7374
514,12.0227
515,14.9358
516,11.6361
517,13.589
518,13.1887
519,15.5356
520,8.8234
521,14.2013
522,13.1088
523,17.1242
524,17.5944
525,14.4153
526,17.7278
527,11.8482
528,7.3503
529,18.0638
530,15.9791
531,17.1572
532,23.1671
533,15.245
534,11.3814
535,10.816
536,16.9586
537,21.605
538,9.1223
539,15.2088
540,11.7751
541,11.7187
542,17.0652
543,12.3046
544,17.3275
545,5.5521
546,20.3829
547,20.8083
548,15.9655
549,4.245
550,12.6199
551,16.1591
552,13.857
553,15.8749
554,16.2401
555,13.8695
556,18.0356
557,19.1312
558,16.7881
559,22.7793
560,16.3236
561,12.7507
562,10.794
563,18.4307
564,10.2232
565,21.1928
566,7.9488
567,21.2308
568,17.1023
569,8.2765
570,15.6011
571,15.6017
572,12.1959
573,10.6176
574,13.7401
575,19.5027
576,17.0901
577,18.2367
578,10.9261
579,17.0436
580,13.5942
581,16.8551
582,24.7118
583,9.0455
584,16.7211
585,9.868
586,25.7509
587,11.7748
588,16.6429
589,10.5741
590,13.853
591,11.1705
592,20.481
593,12.2201
594,8.6568
595,10.204
596,17.7289
597,11.0025
598,9.536
599,24.423
600,18.9693
601,16.6683
602,6.7058
603,13.9274
604,12.882
605,18.2701
606,15.4576
607,14.8265
608,10.5925
609,14.0018
610,17.8259
611,12.2685
612,11.3202
613,15.7644
614,10.7266
615,7.1909
616,15.377
617,14.6654
618,13.8826
619,12.1393
620,5.784
621,22.2626
622,10.6769
623,8.1162
624,9.3549
625,10.8971
626,17.0558
627,14.6954
628,16.748
629,8.0935
630,13.7438
631,14.7695
632,20.9488
633,14.955
634,15.7909
635,15.3076
636,8.2888
637,13.6363
638,16.1404
639,15.6437
640,14.461
641,11.8241
642,15.9077
643,13.8986
644,15.1425
645,12.3985
646,16.0138
647,22.8046
648,7.0743
649,13.0152
650,12.4399
651,14.4604
652,15.9656
653,13.9745
654,14.1293
655,22.4437
656,24.1343
657,11.2239
658,8.9682
659,21.3172
660,11.4918
661,13.5318
662,13.4921
663,13.8159
664,10.7789
665,15.5009
666,18.4786
667,25.3434
668,15.0094
669,12.7839
670,10.3623
671,17.6486
672,9.1054
673,12.1267
674,16.8503
675,18.2576
676,22.2141
677,16.4832
678,17.7512
679,21.1278
680,11.042
681,21.5033
682,10.8312
683,18.9136
684,12.9108
685,15.0951
686,11.3889
687,20.5567
688,15.2715
689,13.197
690,22.5036
691,17.504
692,13.856
693,18.5151
694,11.5122
695,15.1381
696,3.3903
697,13.1864
698,24.9991
699,17.57
700,15.3749
701,17.2878
702,12.9885
703,19.2008
704,15.888
705,14.9089
706,14.6092
707,11.3645
708,19.7383
709,6.2005
710,11.8471
711,17.1498
712,16.2372
713,19.9624
714,17.4658
715,15.4309
716,14.2812
717,9.0129
718,11.3641
719,17.2179
720,17.525
721,8.985
722,19.2284
723,12.1792
724,17.2343
725,11.5591
726,12.3003
727,23.0389
728,12.3183
729,11.8112
730,8.3475
731,17.0132
732,12.1544
733,11.2089
734,16.8923
735,6.7247
736,16.0989
737,11.7514
738,15.8149
739,17.3199
740,15.0858
741,21.182
742,13.2862
743,14.6503
744,14.7811
745,23.9854
746,10.0213
747,12.4006
748,17.909
749,14.3229
750,22.1194
751,17.5262
752,16.851
753,17.1629
754,17.4458
755,13.4214
756,3.9822
757,7.1071
758,23.4439
759,17.3618
760,6.7058
761,16.6728
762,13.0785
763,18.918
764,20.7818
765,13.1574
766,24.2193
767,21.6212
768,9.5993
769,15.6201
770,17.7452
771,15.9818
772,25.7616
773,8.5777
774,13.7285
775,18.8138
776,13.0408
777,14.9322
778,9.7548
779,17.1647
780,12.7126
781,22.6712
782,14.4518
783,10.265
784,16.2083
785,17.884
786,16.3435
787,8.0747
788,21.6139
789,15.3676
790,11.2916
791,16.1489
792,15.0938
793,18.5039
794,18.525
795,13.3765
796,9.4114
797,22.297
798,19.9349
799,13.5424
800,17.7412
801,14.3159
802,18.7953
803,14.9337
804,22.6929
805,10.8654
806,20.5381
807,17.3723
808,6.8304
809,16.6045
810,21.6809
811,12.2911
812,19.5239
813,15.9868
814,19.9094
815,15.2679
816,19.4664
817,9.3811
818,9.8539
819,13.9933
820,10.7747
821,15.0494
822,15.3793
823,20.5671
824,19.8651
825,19.6973
826,11.9614
827,15.468
828,16.0518
829,10.2263
830,10.4266
831,15.4279
832,14.7633
833,22.4097
834,21.4572
835,12.8584
836,14.4466
837,8.2482
838,16.1514
839,18.2461
840,10.466
841,15.8348
842,11.5664
843,7.5013
844,19.4708
845,11.9291
846,17.4696
847,11.4738
848,19.0258
849,21.2126
850,13.3937
851,14.3883
852,4.937
853,7.2154
854,12.819
855,21.2436
856,24.8522
857,17.6443
858,10.2684
859,14.2435
860,12.4609
861,6.2166
862,22.3017
863,12.8405
864,8.2733
865,16.0958
866,10.8989
867,16.8784
868,17.4409
869,22.0555
870,20.9349
871,5.948
872,12.8331
873,16.3431
874,14.121
875,11.7513
876,11.7003
877,29.0824
878,24.8988
879,11.2304
880,6.8056
881,10.5851
882,10.3915
883,15.8286
884,12.0126
885,13.1491
886,22.6072
887,13.8098
888,21.1224
889,19.6121
890,14.0176
891,20.3759
892,17.9704
893,16.5822
894,6.0312
895,17.4993
896,25.0555
897,19.3818
898,22.0992
899,18.9694
900,22.719
901,12.7682
902,22.4542
903,25.7881
904,14.2533
905,18.4278
906,20.1151
907,19.1709
908,11.2753
909,17.5544
910,13.8424
911,18.3788
912,8.933
913,15.4398
914,20.0643
915,15.815
916,13.2604
917,19.9351
918,17.1566
919,10.7938
920,10.7333
921,7.8347
922,14.8653
923,9.1698
924,13.8133
925,19.0885
926,11.4907
927,14.8594
928,20.0551
929,13.4378
930,16.6431
931,8.482
932,24.2127
933,14.7918
934,14.9283
935,7.2783
936,14.0862
937,23.2713
938,14.0847
939,6.3301
940,18.7125
941,18.4524
942,14.1894
943,10.7419
944,10.4726
945,13.8859
946,15.0864
947,9.7348
948,11.8777
949,12.4421
950,12.8277
951,14.7801
952,14.1139
953,25.0185
954,15.1592
955,22.2378
956,15.7987
957,7.6466
958,18.5109
959,21.2422
960,14.512
961,12.771
962,12.3866
963,16.6782
964,10.4096
965,26.9648
966,18.0065
967,15.4287
968,7.9564
969,16.3949
970,14.4428
971,10.7885
972,16.9061
973,22.9221
974,10.3945
975,17.8025
976,16.5064
977,19.6896
978,16.227
979,6.9441
980,12.009
981,20.4472
982,23.6008
983,13.5322
984,6.7696
985,9.5904
986,18.3535
987,19.2636
988,15.965
989,16.5542
990,6.7116
991,9.8401
992,12.9891
993,18.4919
994,12.1834
995,17.2407
996,15.7603
997,15.9639
998,14.3871
999,13.2809
1000,15.5924
1001,21.809
1002,13.9604
1003,8.3182
1004,13.484
1005,15.7193
1006,17.1412
1007,14.5097
1008,20.7678
1009,14.3951
1010,11.2034
1011,11.4084
1012,16.9342
1013,11.983
1014,15.4053
1015,12.6939
1016,14.0773
1017,8.6749
1018,13.8972
1019,11.3792
1020,16.1089
1021,17.124
1022,23.7881
1023,8.3897
1024,14.0871
1025,17.681
1026,22.2435
1027,8.4977
1028,10.5572
1029,17.9599
1030,11.8658
1031,16.6232
1032,18.4008
1033,8.8596
1034,13.3346
1035,22.1902
1036,15.4311
1037,12.4734
1038,15.9307
1039,17.9053
1040,24.1539
1041,12.2473
1042,13.1583
1043,19.6918
1044,19.298
1045,11.0097
1046,11.7673
1047,24.3229
1048,18.2927
1049,8.9248
1050,16.2463
1051,14.8896
1052,12.8317
1053,16.765
1054,9.6524
1055,7.2811
1056,24.795
1057,16.3284
1058,3.3733
1059,19.6907
1060,10.7411
1061,14.6503
1062,12.1883
1063,20.8434
1064,10.4058
1065,9.1425
1066,16.1127
1067,9.9608
1068,15.3493
1069,11.0265
1070,14.9054
1071,8.2021
1072,10.083
1073,6.14
1074,15.7841
1075,16.2198
1076,20.3575
1077,14.7354
1078,15.8377
1079,5.9641
1080,10.6878
1081,22.7236
1082,21.2953
1083,14.9258
1084,12.4771
1085,14.8231
1086,16.2113
1087,15.127
1088,14.6043
1089,11.6011
1090,19.3313
1091,22.9475
1092,10.4204
1093,14.0536
1094,15.7679
1095,15.1833
1096,26.4361
1097,15.323
1098,17.3911
1099,7.2101
1100,11.6143
1101,11.9863
1102,13.8007
1103,11.2556
1104,10.9188
1105,18.6842
1106,15.1724
1107,13.8467
1108,8.2488
1109,15.3371
1110,16.1289
1111,10.7155
1112,17.9409
1113,11.4149
1114,17.9582
1115,15.88
1116,16.5829
1117,18.6747
1118,13.3879
1119,13.3028
1120,8.048
1121,12.2007
1122,16.7011
1123,21.7533
1124,18.4156
1125,8.0641
1126,6.0877
1127,17.285
1128,16.6266
1129,22.583
1130,15.4619
1131,13.5255
1132,12.1237
1133,12.5375
1134,10.0543
1135,13.6982
1136,12.4521
1137,8.7643
1138,15.0567
1139,8.347
1140,9.5489
1141,20.0868
1142,19.4251
1143,10.8237
1144,17.9684
1145,14.3987
1146,14.2622
1147,18.5051
1148,15.9454
1149,19.0608
1150,18.6743
1151,16.6472
1152,10.0329
1153,11.5107
1154,15.8244
1155,16.5928
1156,15.2326
1157,12.4511
1158,23.5407
1159,22.931
1160,4.2506
1161,13.491
1162,10.144
1163,16.503
1164,11.3222
1165,9.5133
1166,11.6966
1167,11.125
1168,12.6273
1169,14.4476
1170,16.5413
1171,13.8506
1172,23.2469
1173,18.4229
1174,14.4545
1175,12.1263
1176,13.1654
1177,14.8117
1178,8.5201
1179,9.1244
1180,8.8181
1181,16.6435
1182,7.0508
1183,17.7315
1184,17.1754
1185,17.4871
1186,16.1804
1187,11.6551
1188,10.1194
1189,20.5398
1190,12.1737
1191,10.857
1192,13.2747
1193,13.3848
1194,21.668
1195,4.8543
1196,17.3738
1197,16.9468
1198,9.3545
1199,21.5354
1200,12.2433
1201,13.2609
1202,12.7961
1203,15.4195
1204,6.6071
1205,13.8466
1206,15.8224
1207,11.8366
1208,17.5136
1209,20.728
1210,13.7884
1211,11.3948
1212,11.0975
1213,13.7535
1214,12.8202
1215,20.0843
1216,16.5864
1217,11.1102
1218,26.5359
1219,14.0938
1220,14.544
1221,16.3081
1222,17.6353
1223,13.9464
1224,17.6396
1225,17.9409
1226,12.8361
1227,16.9546
1228,9.3619
1229,11.1379
1230,23.0827
1231,15.5598
1232,21.2534
1233,8.7057
1234,9.5311
1235,7.2059
1236,14.0876
1237,11.2063
1238,20.7938
1239,17.8124
1240,13.4629
1241,20.7346
1242,12.0592
1243,10.1034
1244,19.0183
1245,10.5658
1246,14.576
1247,22.6325
1248,16.5516
1249,15.4572
1250,9.1263
1251,14.0942
1252,10.8485
1253,17.7089
1254,26.8612
1255,13.5626
1256,14.1263
1257,15.5752
1258,16.7971
1259,18.4113
1260,18.5382
1261,16.916
1262,23.8499
1263,12.3136
1264,13.857
1265,11.8917
1266,17.2239
1267,17.586
1268,25.5005
1269,16.2598
1270,15.7715
1271,9.4302
1272,16.688
1273,14.8619
1274,16.0765
1275,14.4744
1276,11.0117
1277,22.7303
1278,17.6349
1279,13.6089
1280,19.9689
1281,23.1675
1282,20.0803
1283,14.9522
1284,7.6182
1285,10.3805
1286,14.3514
1287,19.0851
1288,22.1429
1289,18.9834
1290,27.076
1291,14.2322
1292,14.1372
1293,18.0086
1294,13.4239
1295,20.8638
1296,19.3522
1297,16.3646
1298,11.1204
1299,13.2649
1300,19.3319
1301,15.8906
1302,14.3496
1303,19.2465
1304,18.8472
1305,15.9666
1306,25.4206
1307,9.3571
1308,14.8631
1309,15.5423
1310,26.5135
1311,12.7146
1312,17.0796
1313,18.4662
1314,8.2711
1315,15.5607
1316,15.1649
1317,22.1231
1318,14.1913
1319,10.0263
1320,22.5383
1321,21.5312
1322,23.009
1323,7.4554
1324,18.7448
1325,14.7771
1326,11.9779
1327,15.8562
1328,15.427
1329,10.5067
1330,5.6913
1331,20.993
1332,17.5172
1333,13.865
1334,17.5816
1335,15.0618
1336,11.5601
1337,13.3076
1338,15.2572
1339,10.7615
1340,16.178
1341,18.4468
1342,13.3315
1343,14.3632
1344,16.9475
1345,19.6872
1346,15.2416
1347,16.8986
1348,21.1085
1349,18.346
1350,9.4405
1351,8.4766
1352,12.4539
1353,23.8866
1354,16.9553
1355,15.9113
1356,25.6953
1357,14.5626
1358,11.7982
1359,14.5332
1360,15.2498
1361,14.607
1362,15.7137
1363,18.8718
1364,10.348
1365,10.129
1366,13.3366
1367,7.3673
1368,6.7417
1369,14.3605
1370,12.3643
1371,11.0344
1372,16.9931
1373,12.6023
1374,14.1896
1375,12.7128
1376,19.1322
1377,8.5503
1378,10.5644
1379,6.6679
1380,17.8964
1381,15.434
1382,15.4024
1383,11.4153
1384,14.6962
1385,19.4654
1386,20.5505
1387,10.7414
1388,14.2283
1389,13.4332
1390,9.1636
1391,18.8683
1392,8.35
1393,13.4409
1394,17.6165
1395,15.9284
1396,11.8988
1397,16.1071
1398,20.1259
1399,18.3985
1400,13.6626
1401,19.9047
1402,18.8691
1403,11.4414
1404,16.603
1405,18.2255
1406,13.519
1407,13.7117
1408,12.1025
1409,15.2424
1410,7.2626
1411,19.7391
1412,12.8883
1413,23.0038
1414,15.5165
1415,9.8643
1416,21.0992
1417,15.0399
1418,20.2042
1419,16.4429
1420,19.3231
1421,9.8438
1422,19.1142
1423,13.0735
1424,13.9429
1425,6.1152
1426,12.9824
1427,12.3983
1428,14.2387
1429,17.2614
1430,19.3214
1431,11.2081
1432,20.4869
1433,2.6264
1434,14.2175
1435,7.8612
1436,15.1784
1437,9.4645
1438,18.2926
1439,15.1564
1440,16.703
1441,13.9225
1442,12.1162
1443,20.0003
1444,5.6988
1445,14.6995
1446,16.2619
1447,22.7268
1448,24.0694
1449,13.4624
1450,17.4309
1451,15.7184
1452,8.9267
1453,8.9597
1454,16.1976
1455,13.5119
1456,10.4529
1457,20.2774
1458,24.1102
1459,16.0309
1460,16.4206
1461,6.8407
1462,17.326
1463,12.64
1464,13.2762
1465,13.6556
1466,6.3185
1467,17.8118
1468,21.4283
1469,13.2771
1470,15.4798
1471,10.0213
1472,22.7556
1473,9.3655
1474,12.5894
1475,8.5125
1476,2.9147
1477,21.2525
1478,16.6276
1479,24.9455
1480,13.1557
1481,20.4468
1482,7.4755
1483,17.0011
1484,19.4762
1485,13.3766
1486,11.4669
1487,18.5221
1488,18.9326
1489,10.3532
1490,18.3203
1491,23.7124
1492,13.1879
1493,14.0862
1494,12.6123
1495,15.7798
1496,18.5751
1497,9.7865
1498,14.2338
1499,13.0184
1500,12.0939
1501,17.7044
1502,10.651
1503,12.1729
1504,17.3024
1505,13.3312
1506,12.0624
1507,7.6624
1508,18.2535
1509,21.1149
1510,7.5509
1511,17.6928
1512,19.3827
1513,15.9523
1514,13.6441
1515,12.3902
1516,14.0246
1517,18.2633
1518,6.3539
1519,13.3219
1520,13.6955
1521,18.8449
1522,14.288
1523,17.2332
1524,13.3428
1525,8.6025
1526,4.3301
1527,12.3313
1528,23.8974
1529,9.2579
1530,21.2
1531,20.149
1532,16.7545
1533,14.9727
1534,9.4572
1535,7.1597
1536,9.7399
1537,9.2587
1538,22.3833
1539,15.6685
1540,15.448
1541,21.0084
1542,15.5339
1543,8.1864
1544,11.9918
1545,19.898
1546,17.8796
1547,23.6603
1548,14.0602
1549,13.9762
1550,9.2217
1551,16.105
1552,12.5176
1553,11.7496
1554,22.8073
1555,21.9429
1556,24.0672
1557,8.9549
1558,21.0322
1559,19.9101
1560,18.3253
1561,7.8636
1562,22.6185
1563,18.8985
1564,0.8897
1565,21.2242
1566,11.4507
1567,9.6905
1568,14.7213
1569,12.5026
1570,15.4092
1571,15.6885
1572,14.6744
1573,8.7956
1574,10.8496
1575,17.013
1576,15.8645
1577,11.5565
1578,18.8501
1579,14.1568
1580,11.4703
1581,11.6347
1582,9.0452
1583,19.0295
1584,12.7827
1585,8.4877
1586,22.7881
1587,12.2585
1588,14.2996
1589,17.8204
1590,23.0033
1591,12.3558
1592,15.3114
1593,15.9685
1594,19.1605
1595,14.8467
1596,18.705
1597,17.9384
1598,19.8288
1599,11.224
1600,21.2283
1601,16.6681
1602,7.9386
1603,17.81
1604,21.5883
1605,15.6061
1606,11.8418
1607,12.1123
1608,17.4101
1609,22.4907
1610,9.622
1611,18.6953
1612,16.6073
1613,15.6417
1614,14.6347
1615,18.2508
1616,24.8635
1617,24.1589
1618,20.5151
1619,8.9235
1620,14.3793
1621,20.8923
1622,25.2829
1623,14.2494
1624,11.0549
1625,19.1973
1626,15.5829
1627,13.638
1628,20.2413
1629,20.6402
1630,5.0196
1631,13.4315
1632,19.0495
1633,13.2588
1634,18.4095
1635,12.7843
1636,20.918
1637,18.4079
1638,21.5885
1639,17.4303
1640,14.9287
1641,6.6158
1642,18.546
1643,11.1009
1644,7.2601
1645,12.3723
1646,13.4242
1647,16.015
1648,15.7828
1649,11.0668
1650,14.96
1651,16.8544
1652,15.3549
1653,16.9629
1654,16.0366
1655,15.392
1656,17.5726
1657,5.4953
1658,17.1806
1659,15.0413
1660,15.7881
1661,22.5776
1662,20.3934
1663,9.9427
1664,16.3524
1665,15.6394
1666,18.9208
1667,25.1233
1668,11.4183
1669,16.8689
1670,24.7846
1671,15.9825
1672,7.9787
1673,11.2623
1674,15.42
1675,11.251
1676,13.9122
1677,14.91
1678,10.0044
1679,14.3168
1680,18.5963
1681,14.5401
1682,22.77
1683,13.4386
1684,11.401
1685,15.1742
1686,10.7239
1687,7.3133
1688,16.0352
1689,8.3193
1690,11.0134
1691,19.1272
1692,9.3138
1693,13.5642
1694,20.6989
1695,16.0012
1696,15.6331
1697,21.7488
1698,18.0123
1699,14.4082
1700,16.2478
1701,20.705
1702,10.8187
1703,14.5211
1704,21.7463
1705,18.3724
1706,12.9292
1707,9.0788
1708,13.6896
1709,4.9903
1710,19.6142
1711,18.955
1712,14.1153
1713,17.4612
1714,9.731
1715,16.0819
1716,16.828
1717,14.888
1718,9.3398
1719,26.2447
1720,13.6904
1721,8.8986
1722,15.5124
1723,28.4576
1724,22.92
1725,17.2038
1726,14.8986
1727,12.6039
1728,9.8519
1729,12.3804
1730,13.2973
1731,6.9397
1732,11.6567
1733,15.4736
1734,9.7643
1735,14.7854
1736,14.4576
1737,19.4655
1738,22.0522
1739,18.7408
1740,17.3932
1741,15.1813
1742,12.9014
1743,16.6414
1744,3.1551
1745,22.8926
1746,9.3042
1747,14.1888
1748,18.4625
1749,12.0665
1750,28.5525
1751,18.5933
1752,16.3542
1753,23.2489
1754,26.0939
1755,18.461
1756,11.5745
1757,17.5564
1758,16.4241
1759,13.8837
1760,22.8795
1761,11.9648
1762,19.4651
1763,12.9415
1764,17.4966
1765,3.2131
1766,6.6037
1767,15.6071
1768,15.584
1769,10.5294
1770,15.1406
1771,17.1268
1772,20.0903
1773,10.9297
1774,12.0867
1775,15.5051
1776,15.1636
1777,21.0187
1778,17.364
1779,18.9233
1780,11.7022
1781,23.0493
1782,16.7655
1783,9.7345
1784,18.7783
1785,11.2304
1786,19.798
1787,10.1695
1788,18.9448
1789,10.2137
1790,15.1168
1791,17.7852
1792,13.3716
1793,12.5897
1794,15.4646
1795,21.1729
1796,18.2112
1797,17.9798
1798,19.6643
1799,23.0343
1800,18.2627
1801,15.3466
1802,18.7384
1803,12.2907
1804,9.5452
1805,14.2627
1806,6.655
1807,16.417
1808,26.224
1809,15.7305
1810,13.1067
1811,20.0624
1812,14.2629
1813,16.7881
1814,15.1639
1815,12.0299
1816,20.296
1817,11.796
1818,8.3597
1819,16.9773
1820,18.7865
1821,13.0767
1822,18.8408
1823,13.9739
1824,15.6479
1825,13.936
1826,8.7228
1827,10.5998
1828,13.1207
1829,12.3825
1830,13.6889
1831,9.7578
1832,10.0048
1833,21.1302
1834,12.7212
1835,6.3903
1836,17.0653
1837,12.8256
1838,14.0327
1839,12.4334
1840,11.9165
1841,14.3094
1842,19.2405
1843,12.2257
1844,17.3325
1845,24.2746
1846,6.5546
1847,12.3169
1848,22.6913
1849,10.7034
1850,12.3739
1851,23.2796
1852,13.5816
1853,21.4512
1854,21.8315
1855,14.2255
1856,12.2846
1857,18.1763
1858,12.2975
1859,14.7385
1860,20.1324
1861,18.5302
1862,16.0432
1863,15.2828
1864,6.1788
1865,21.2527
1866,10.9664
1867,13.7758
1868,16.6751
1869,18.3627
1870,18.0403
1871,23.4613
1872,20.3984
1873,19.3268
1874,18.4852
1875,13.1144
1876,20.358
1877,24.7769
1878,-0.3786
1879,16.3323
1880,17.064
1881,20.605
1882,15.3994
1883,11.9907
1884,16.2084
1885,19.1656
1886,13.1054
1887,18.2714
1888,25.3355
1889,11.5702
1890,5.1195
1891,13.4784
1892,17.8076
1893,9.4767
1894,13.5
1895,13.0971
1896,5.906
1897,13.3945
1898,16.4646
1899,13.4273
1900,8.9895
1901,16.7216
1902,15.617
1903,6.3753
1904,12.777
1905,16.6544
1906,18.6738
1907,18.9992
1908,11.1626
1909,6.2781
1910,14.8133
1911,19.3678
1912,8.5535
1913,13.1522
1914,20.0113
1915,24.1598
1916,15.1734
1917,15.6879
1918,17.1164
1919,12.9607
1920,12.9962
1921,14.4276
1922,4.3761
1923,12.0674
1924,12.7498
1925,7.3425
1926,10.6052
1927,12.5588
1928,21.2736
1929,19.6737
1930,11.3544
1931,20.1581
1932,14.7657
1933,20.9686
1934,19.3106
1935,13.6075
1936,12.9104
1937,13.9223
1938,16.9386
1939,17.5599
1940,17.4359
1941,20.4659
1942,14.654
1943,7.768
1944,18.6581
1945,13.4948
1946,17.832
1947,9.6935
1948,13.0348
1949,16.7285
1950,12.8659
1951,18.7934
1952,13.5109
1953,9.8031
1954,16.6291
1955,15.39
1956,14.4332
1957,11.336
1958,7.6742
1959,15.1127
1960,15.0021
1961,13.6854
1962,15.303
1963,10.9289
1964,13.4592
1965,26.271
1966,11.1973
1967,8.2104
1968,10.325
1969,7.5258
1970,21.5075
1971,14.4452
1972,9.4168
1973,15.6941
1974,14.3741
1975,12.1204
1976,20.6379
1977,15.034
1978,11.5608
1979,17.8266
1980,18.5174
1981,27.8263
1982,10.3737
1983,15.8159
1984,12.3257
1985,16.9753
1986,10.5632
1987,12.9886
1988,24.8586
1989,17.572
1990,8.8197
1991,14.6008
1992,15.5982
1993,11.0083
1994,22.3728
1995,13.0173
1996,20.6648
1997,17.4289
1998,20.4085
1999,14.2418
2000,22.2976
2001,18.6376
2002,11.1433
2003,10.4241
2004,15.0174
2005,13.0628
2006,26.5973
2007,15.9675
2008,16.3332
2009,16.8495
2010,12.1285
2011,2.739
2012,14.5881
2013,22.4769
2014,15.8086
2015,7.3439
2016,14.0294
2017,17.3924
2018,15.1514
2019,10.273
2020,11.8634
2021,23.6395
2022,19.2643
2023,8.4381
2024,11.7048
2025,21.9077
2026,8.5817
2027,9.03
2028,18.5768
2029,11.7669
2030,20.1402
2031,24.2944
2032,16.0565
2033,15.3787
2034,7.6679
2035,27.5938
2036,23.057
2037,13.9904
2038,12.3466
2039,13.9811
2040,21.6122
2041,14.1358
2042,9.5238
2043,14.7966
2044,5.0695
2045,15.1334
2046,21.3396
2047,10.0132
2048,12.1883
2049,18.2573
2050,12.5995
2051,7.5496
2052,9.9164
2053,11.7777
2054,8.6361
2055,14.0042
2056,20.0675
2057,12.2104
2058,9.7487
2059,20.4395
2060,17.8632
2061,12.932
2062,9.0526
2063,11.2697
2064,16.3543
2065,12.1934
2066,7.6519
2067,15.1668
2068,10.0016
2069,16.4842
2070,17.4851
2071,17.5858
2072,18.9628
2073,12.6374
2074,16.8349
2075,19.6314
2076,8.0351
2077,13.3072
2078,11.0929
2079,19.7342
2080,18.5728
2081,11.4234
2082,16.6749
2083,18.4091
2084,21.5225
2085,22.1162
2086,8.076
2087,12.9754
2088,15.0507
2089,4.8911
2090,11.6432
2091,14.2467
2092,12.9321
2093,19.6292
2094,16.2565
2095,16.1643
2096,17.6536
2097,17.7508
2098,12.9026
2099,15.7533
2100,18.3308
2101,14.5568
2102,6.2867
2103,17.3224
2104,16.4005
2105,12.5998
2106,6.2374
2107,18.0829
2108,11.9984
2109,23.9289
2110,20.2326
2111,16.9709
2112,18.5398
2113,14.214
2114,12.9154
2115,16.5148
2116,13.6166
2117,16.8106
2118,20.7032
2119,16.1604
2120,9.4041
2121,16.0275
2122,19.2817
2123,16.4846
2124,15.0671
2125,18.7394
2126,11.0896
2127,21.0345
2128,20.0424
2129,21.52
2130,16.0949
2131,14.807
2132,10.416
2133,16.2273
2134,12.9883
2135,20.401
2136,9.0815
2137,13.5505
2138,27.6143
2139,18.207
2140,14.4211
2141,16.8278
2142,13.6317
2143,15.7933
2144,9.3199
2145,6.8588
2146,21.7374
2147,19.1543
2148,10.8636
2149,11.3825
2150,14.4778
2151,19.5921
2152,14.5537
2153,17.0577
2154,17.2059
2155,13.1421
2156,21.7234
2157,9.6302
2158,24.0412
2159,23.8149
2160,24.0765
2161,13.2034
2162,13.0088
2163,16.5397
2164,20.2365
2165,18.5444
2166,19.075
2167,20.5432
2168,12.8704
2169,9.2778
2170,13.807
2171,15.7001
2172,18.879
2173,19.4922
2174,11.2548
2175,15.2541
2176,9.5766
2177,24.3295
2178,12.4948
2179,14.9342
2180,14.2798
2181,8.8364
2182,17.6812
2183,13.776
2184,17.2465
2185,12.7584
2186,19.3703
2187,10.1732
2188,10.555
2189,16.9454
2190,16.5985
2191,16.5449
2192,10.9767
2193,10.3477
2194,11.5362
2195,18.7706
2196,14.0631
2197,16.7927
2198,12.925
2199,12.6105
2200,18.4082
2201,17.6934
2202,9.1102
2203,18.4215
2204,14.2889
2205,14.9353
2206,11.332
2207,22.4013
2208,8.9931
2209,19.0191
2210,15.5631
2211,17.3468
2212,19.8925
2213,23.4355
2214,11.5471
2215,6.806
2216,13.2098
2217,16.043
2218,16.6771
2219,11.3916
2220,21.6372
2221,9.5532
2222,9.8765
2223,11.2277
2224,11.7666
2225,12.9444
2226,18.0931
2227,17.021
2228,11.7887
2229,19.5113
2230,9.3731
2231,16.8045
2232,18.6868
2233,14.2238
2234,13.6411
2235,13.3373
2236,12.0047
2237,20.7302
2238,11.8098
2239,15.9714
2240,15.3287
2241,18.0856
2242,13.1277
2243,14.3685
2244,16.6546
2245,23.7234
2246,12.9066
2247,18.6922
2248,9.9998
2249,21.7876
2250,13.7358
2251,12.185
2252,12.5435
2253,19.6592
2254,10.8735
2255,14.368
2256,18.26
2257,13.5551
2258,22.4759
2259,14.3919
2260,11.889
2261,9.5502
2262,13.68
2263,13.1867
2264,8.7696
2265,19.4482
2266,14.8838
2267,11.1548
2268,17.5848
2269,14.844
2270,18.4062
2271,20.5716
2272,11.9744
2273,12.8172
2274,17.8885
2275,13.3719
2276,9.4489
2277,14.5035
2278,8.7561
2279,15.2119
2280,20.933
2281,13.1539
2282,16.1035
2283,18.6518
2284,13.0093
2285,15.4184
2286,20.1986
2287,12.2401
2288,19.5904
2289,9.866
2290,17.7065
2291,12.1944
2292,15.3074
2293,8.1908
2294,16.6522
2295,15.544
2296,19.4018
2297,3.1628
2298,17.7249
2299,14.8844
2300,14.3935
2301,13.8184
2302,16.3993
2303,17.6166
2304,19.3857
2305,22.8049
2306,14.8406
2307,6.5897
2308,20.7581
2309,13.6159
2310,19.3652
2311,12.2635
2312,7.3084
2313,15.2875
2314,12.9641
2315,24.9891
2316,16.8954
2317,17.4186
2318,10.1235
2319,16.4385
2320,24.4509
2321,14.272
2322,18.8126
2323,14.0124
2324,20.3978
2325,8.7548
2326,6.5548
2327,17.4403
2328,15.1304
2329,14.447
2330,13.8904
2331,14.9397
2332,16.6976
2333,17.2007
2334,23.462
2335,16.7343
2336,23.4122
2337,4.6724
2338,14.9821
2339,13.337
2340,17.261
2341,12.5225
2342,10.7406
2343,17.6135
2344,19.4175
2345,15.3317
2346,12.964
2347,11.7267
2348,10.3091
2349,12.9545
2350,17.494
2351,5.8635
2352,17.6418
2353,12.4883
2354,18.2163
2355,23.1814
2356,10.7354
2357,13.8655
2358,22.5986
2359,13.5323
2360,26.917
2361,7.6051
2362,10.4692
2363,5.668
2364,18.5481
2365,4.7638
2366,14.8196
2367,18.1612
2368,17.4733
2369,17.1962
2370,13.4232
2371,21.8379
2372,19.9567
2373,20.1636
2374,11.333
2375,10.6629
2376,5.3922
2377,12.0333
2378,13.2989
2379,17.4622
2380,16.3823
2381,16.6638
2382,17.2133
2383,21.3797
2384,11.5706
2385,15.2125
2386,19.0064
2387,6.2199
2388,18.2505
2389,9.7755
2390,15.4626
2391,19.079
2392,21.9524
2393,13.0644
2394,14.9112
2395,15.2931
2396,7.7613
2397,16.9231
2398,10.7236
2399,11.0896
2400,15.5703
2401,20.5398
2402,16.0791
2403,14.785
2404,17.1926
2405,19.8232
2406,11.7155
2407,4.972
2408,29.0556
2409,16.0727
2410,22.4758
2411,12.9388
2412,11.9835
2413,13.993
2414,16.8093
2415,12.587
2416,7.5584
2417,18.3891
2418,13.5609
2419,18.5635
2420,9.7079
2421,20.858
2422,16.9003
2423,13.1144
2424,17.8989
2425,13.9305
2426,18.6274
2427,18.7528
2428,13.8588
2429,10.9517
2430,12.9065
2431,10.231
2432,13.9288
2433,13.0382
2434,12.155
2435,16.0435
2436,10.6254
2437,14.4714
2438,21.9011
2439,23.8938
2440,12.1277
2441,11.5806
2442,5.1626
2443,18.553
2444,22.0736
2445,15.0965
2446,13.4858
2447,17.4356
2448,18.3989
2449,15.8807
2450,13.7672
2451,14.8656
2452,17.3561
2453,16.6131
2454,13.6621
2455,16.2216
2456,22.8987
2457,18.181
2458,10.1468
2459,14.9181
2460,15.9463
2461,13.1813
2462,21.7762
2463,7.2282
2464,10.2057
2465,15.7815
2466,7.2325
2467,24.9432
2468,18.2045
2469,14.5292
2470,13.5481
2471,16.5238
2472,18.9084
2473,7.5345
2474,14.3886
2475,10.11
2476,13.0531
2477,18.3379
2478,8.53
2479,14.9406
2480,9.9581
2481,13.9312
2482,16.1217
2483,15.563
2484,11.0856
2485,17.7942
2486,12.496
2487,13.3334
2488,17.72
2489,14.0034
2490,9.5371
2491,14.3759
2492,14.6153
2493,14.7078
2494,17.8136
2495,12.2412
2496,15.4927
2497,13.5111
2498,11.4354
2499,20.7677
2500,15.3316
2501,15.9993
2502,13.2978
2503,15.3717
2504,18.9181
2505,17.6429
2506,23.5928
2507,14.0599
2508,18.1543
2509,13.3141
2510,13.7463
2511,16.5095
2512,12.1264
2513,14.6298
2514,13.3145
2515,14.2709
2516,17.398
2517,18.622
2518,18.2905
2519,13.7142
2520,10.6134
2521,18.0109
2522,15.7313
2523,14.8408
2524,6.6393
2525,7.9778
2526,6.3337
2527,16.9069
2528,17.6676
2529,16.1892
2530,15.4575
2531,17.6123
2532,14.3756
2533,8.4987
2534,11.2394
2535,19.2679
2536,17.5744
2537,10.1154
2538,18.0707
2539,17.942
2540,20.9461
2541,14.7414
2542,18.159
2543,18.125
2544,16.5108
2545,17.2442
2546,18.3897
2547,13.5863
2548,16.9868
2549,14.8956
2550,10.0746
2551,17.3325
2552,18.1508
2553,13.8156
2554,16.7697
2555,8.9276
2556,24.7367
2557,17.3132
2558,12.9763
2559,13.2436
2560,26.0536
2561,18.5378
2562,18.2773
2563,18.7884
2564,16.9622
2565,22.8179
2566,18.4084
2567,13.0703
2568,14.5419
2569,24.1788
2570,10.5443
2571,13.2849
2572,7.6525
2573,13.9568
2574,14.5377
2575,18.7332
2576,11.4234
2577,12.548
2578,14.2982
2579,9.3126
2580,12.9828
2581,18.1517
2582,18.9599
2583,17.6257
2584,21.4224
2585,18.2682
2586,11.8426
2587,21.6992
2588,11.9821
2589,17.2104
2590,18.8606
2591,10.0555
2592,14.9802
2593,10.6202
2594,19.2464
2595,8.4337
2596,11.699
2597,5.6361
2598,19.3072
2599,17.0594
2600,10.0118
2601,12.7118
2602,12.1907
2603,16.0661
2604,15.605
2605,14.4335
2606,15.6059
2607,19.1834
2608,17.3542
2609,15.731
2610,10.621
2611,12.1924
2612,11.3574
2613,17.8048
2614,12.4157
2615,13.1191
2616,18.3574
2617,11.8081
2618,12.2113
2619,20.6689
2620,22.0713
2621,11.4427
2622,15.58
2623,19.5744
2624,17.1002
2625,11.5321
2626,11.5218
2627,16.0896
2628,13.4533
2629,13.3734
2630,20.0245
2631,21.7346
2632,8.4596
2633,10.3919
2634,14.3175
2635,14.7356
2636,25.0376
2637,15.9132
2638,18.1721
2639,20.5376
2640,7.1742
2641,16.8106
2642,18.7258
2643,13.8306
2644,7.801
2645,13.8854
2646,4.311
2647,17.8222
2648,19.97
2649,18.2001
2650,6.4794
2651,15.6141
2652,0.8611
2653,5.2796
2654,10.0096
2655,14.1373
2656,12.2864
2657,10.8609
2658,22.6464
2659,9.5808
2660,15.2972
2661,11.8211
2662,12.5603
2663,16.1289
2664,11.0138
2665,14.5179
2666,9.9021
2667,11.1596
2668,6.2138
2669,16.3602
2670,15.1972
2671,14.2816
2672,15.9706
2673,15.454
2674,6.8446
2675,15.1153
2676,7.7487
2677,19.5906
2678,17.3302
2679,16.8513
2680,13.4904
2681,19.5803
2682,14.0954
2683,22.6077
2684,20.0748
2685,12.9806
2686,9.2033
2687,8.161
2688,13.0313
2689,11.7389
2690,13.6366
2691,14.7263
2692,12.6591
2693,13.005
2694,24.0702
2695,17.0397
2696,10.2395
2697,12.2641
2698,15.4056
2699,15.7242
2700,14.2421
2701,11.5626
2702,11.1919
2703,21.707
2704,12.2906
2705,15.6006
2706,20.9913
2707,11.7987
2708,8.6977
2709,17.3972
2710,18.4285
2711,25.8067
2712,8.2303
2713,19.8348
2714,23.7154
2715,20.3858
2716,19.6078
2717,21.1071
2718,20.7972
2719,24.8457
2720,17.2022
2721,9.2247
2722,11.7303
2723,18.5282
2724,14.7366
2725,10.3056
2726,20.4245
2727,18.1048
2728,12.2559
2729,15.1168
2730,14.824
2731,14.8019
2732,9.1801
2733,8.1173
2734,27.651
2735,29.503
2736,18.5007
2737,12.3884
2738,11.6384
2739,10.9788
2740,10.3742
2741,16.5009
2742,21.4963
2743,14.7028
2744,21.8893
2745,13.3378
2746,14.0955
2747,14.3839
2748,18.6455
2749,16.2445
2750,16.9097
2751,13.0976
2752,12.0361
2753,15.9269
2754,18.8942
2755,8.7546
2756,17.8841
2757,13.0425
2758,8.7279
2759,16.5903
2760,11.3919
2761,11.7777
2762,14.5126
2763,17.1693
2764,15.6468
2765,17.0146
2766,9.858
2767,13.1732
2768,18.3018
2769,12.1669
2770,14.2
2771,11.8062
2772,15.0841
2773,5.9031
2774,17.132
2775,19.3992
2776,6.9794
2777,8.9346
2778,23.5383
2779,20.5479
2780,17.2404
2781,13.0835
2782,15.0464
2783,14.7475
2784,12.6613
2785,17.5135
2786,15.1073
2787,24.1995
2788,12.7789
2789,10.1083
2790,15.849
2791,8.6684
2792,17.1922
2793,18.0036
2794,19.5282
2795,13.8672
2796,16.5586
2797,15.2414
2798,15.8524
2799,14.2968
2800,18.9889
2801,18.0242
2802,21.4187
2803,19.8611
2804,8.5704
2805,15.8907
2806,17.3717
2807,20.3295
2808,18.2248
2809,16.2248
2810,15.6853
2811,14.2879
2812,18.587
2813,9.4311
2814,22.2817
2815,13.2037
2816,17.715
2817,20.075
2818,14.4518
2819,-0.9743
2820,8.8558
2821,13.8616
2822,16.4854
2823,12.2753
2824,16.9062
2825,16.3146
2826,16.6711
2827,11.936
2828,21.9666
2829,10.6324
2830,19.2068
2831,10.3433
2832,9.8447
2833,17.4964
2834,18.5295
2835,14.5653
2836,19.9881
2837,13.3597
2838,14.4002
2839,7.3464
2840,18.5458
2841,14.5663
2842,16.3512
2843,19.9441
2844,14.4674
2845,20.4437
2846,26.109
2847,15.7842
2848,12.5559
2849,16.0286
2850,14.8992
2851,16.5245
2852,15.5073
2853,16.7608
2854,14.0955
2855,14.0776
2856,10.2433
2857,20.3776
2858,14.8349
2859,18.9531
2860,20.0132
2861,16.1093
2862,23.0346
2863,16.1126
2864,14.006
2865,16.4692
2866,16.2302
2867,12.5874
2868,14.1912
2869,12.8472
2870,8.6406
2871,16.6844
2872,16.383
2873,18.3612
2874,13.8027
2875,17.9543
2876,9.2634
2877,23.2566
2878,12.3027
2879,16.8883
2880,19.1516
2881,14.8722
2882,18.1422
2883,13.2612
2884,12.9737
2885,18.3367
2886,11.0597
2887,12.7413
2888,21.1137
2889,22.8867
2890,18.062
2891,17.6463
2892,14.0933
2893,7.2184
2894,12.467
2895,9.8964
2896,11.8571
2897,13.082
2898,24.0345
2899,9.7245
2900,21.9023
2901,15.848
2902,21.3536
2903,9.8908
2904,12.7275
2905,11.1573
2906,16.8618
2907,23.2386
2908,12.4677
2909,15.9925
2910,19.916
2911,10.5031
2912,10.0227
2913,17.5159
2914,13.7168
2915,14.1455
2916,12.7512
2917,11.2177
2918,16.4892
2919,14.9821
2920,18.2227
2921,15.9586
2922,13.6543
2923,17.8351
2924,22.1265
2925,8.622
2926,11.6157
2927,19.7836
2928,18.1515
2929,17.0997
2930,12.3652
2931,19.2814
2932,21.7631
2933,16.0129
2934,13.7135
2935,13.0238
2936,9.4192
2937,18.9244
2938,16.9299
2939,16.0367
2940,10.4913
2941,13.5543
2942,10.2159
2943,12.9717
2944,8.014
2945,18.4512
2946,21.3426
2947,14.939
2948,17.5575
2949,8.0447
2950,19.958
2951,24.8026
2952,15.8681
2953,13.6155
2954,13.8623
2955,16.2606
2956,17.6723
2957,20.5544
2958,12.0981
2959,6.5052
2960,15.0622
2961,7.5585
2962,11.4605
2963,22.4599
2964,12.4908
2965,2.2127
2966,13.1933
2967,21.3097
2968,13.6945
2969,13.214
2970,16.5606
2971,12.0355
2972,17.4086
2973,6.1708
2974,11.7991
2975,17.5757
2976,15.072
2977,16.6608
2978,9.4514
2979,12.1904
2980,9.1716
2981,8.6763
2982,20.8841
2983,15.8238
2984,8.6102
2985,20.6975
2986,21.711
2987,12.5505
2988,11.106
2989,11.6271
2990,13.613
2991,16.7601
2992,12.3698
2993,4.7274
2994,22.9421
2995,9.506
2996,11.5282
2997,17.5935
2998,18.3979
2999,14.152
3000,18.0519
