cohort_month,cohort_size,month_index,active_users,retention_pct
2024-09,1141,0,1141,100.0
2024-09,1141,1,98,8.6
2024-09,1141,2,106,9.3
2024-09,1141,3,102,8.9
2024-09,1141,4,82,7.2
2024-09,1141,5,75,6.6
2024-09,1141,6,103,9.0
2024-09,1141,7,55,4.8
2024-09,1141,8,36,3.2
2024-09,1141,9,41,3.6
2024-09,1141,10,43,3.8
2024-09,1141,11,38,3.3
2024-09,1141,12,58,5.1
2024-10,1126,0,1126,100.0
2024-10,1126,1,119,10.6
2024-10,1126,2,112,9.9
2024-10,1126,3,103,9.1
2024-10,1126,4,80,7.1
2024-10,1126,5,125,11.1
2024-10,1126,6,61,5.4
2024-10,1126,7,57,5.1
2024-10,1126,8,48,4.3
2024-10,1126,9,45,4.0
2024-10,1126,10,42,3.7
2024-10,1126,11,46,4.1
2024-10,1126,12,40,3.6
2024-11,1182,0,1182,100.0
2024-11,1182,1,149,12.6
2024-11,1182,2,109,9.2
2024-11,1182,3,121,10.2
2024-11,1182,4,148,12.5
2024-11,1182,5,76,6.4
2024-11,1182,6,66,5.6
2024-11,1182,7,55,4.7
2024-11,1182,8,63,5.3
2024-11,1182,9,49,4.1
2024-11,1182,10,72,6.1
2024-11,1182,11,58,4.9
2024-11,1182,12,60,5.1
2024-12,1538,0,1538,100.0
2024-12,1538,1,146,9.5
2024-12,1538,2,165,10.7
2024-12,1538,3,211,13.7
2024-12,1538,4,107,7.0
2024-12,1538,5,103,6.7
2024-12,1538,6,82,5.3
2024-12,1538,7,84,5.5
2024-12,1538,8,73,4.7
2024-12,1538,9,98,6.4
2024-12,1538,10,85,5.5
2024-12,1538,11,64,4.2
2024-12,1538,12,68,4.4
2025-01,1262,0,1262,100.0
2025-01,1262,1,160,12.7
2025-01,1262,2,183,14.5
2025-01,1262,3,83,6.6
2025-01,1262,4,83,6.6
2025-01,1262,5,94,7.4
2025-01,1262,6,70,5.5
2025-01,1262,7,84,6.7
2025-01,1262,8,88,7.0
2025-01,1262,9,65,5.2
2025-01,1262,10,56,4.4
2025-01,1262,11,60,4.8
2025-01,1262,12,43,3.4
2025-02,972,0,972,100.0
2025-02,972,1,164,16.9
2025-02,972,2,95,9.8
2025-02,972,3,67,6.9
2025-02,972,4,46,4.7
2025-02,972,5,60,6.2
2025-02,972,6,53,5.5
2025-02,972,7,64,6.6
2025-02,972,8,49,5.0
2025-02,972,9,53,5.5
2025-02,972,10,44,4.5
2025-02,972,11,31,3.2
2025-02,972,12,25,2.6
2025-03,1043,0,1043,100.0
2025-03,1043,1,97,9.3
2025-03,1043,2,89,8.5
2025-03,1043,3,65,6.2
2025-03,1043,4,65,6.2
2025-03,1043,5,69,6.6
2025-03,1043,6,94,9.0
2025-03,1043,7,63,6.0
2025-03,1043,8,52,5.0
2025-03,1043,9,48,4.6
2025-03,1043,10,44,4.2
2025-03,1043,11,45,4.3
2025-03,1043,12,55,5.3
2025-04,966,0,966,100.0
2025-04,966,1,96,9.9
2025-04,966,2,63,6.5
2025-04,966,3,68,7.0
2025-04,966,4,55,5.7
2025-04,966,5,82,8.5
2025-04,966,6,59,6.1
2025-04,966,7,54,5.6
2025-04,966,8,68,7.0
2025-04,966,9,48,5.0
2025-04,966,10,34,3.5
2025-04,966,11,52,5.4
2025-04,966,12,34,3.5
2025-05,1006,0,1006,100.0
2025-05,1006,1,95,9.4
2025-05,1006,2,91,9.0
2025-05,1006,3,72,7.2
2025-05,1006,4,106,10.5
2025-05,1006,5,73,7.3
2025-05,1006,6,61,6.1
2025-05,1006,7,74,7.4
2025-05,1006,8,43,4.3
2025-05,1006,9,42,4.2
2025-05,1006,10,60,6.0
2025-05,1006,11,34,3.4
2025-05,1006,12,30,3.0
2025-06,920,0,920,100.0
2025-06,920,1,76,8.3
2025-06,920,2,85,9.2
2025-06,920,3,99,10.8
2025-06,920,4,66,7.2
2025-06,920,5,64,7.0
2025-06,920,6,69,7.5
2025-06,920,7,56,6.1
2025-06,920,8,43,4.7
2025-06,920,9,49,5.3
2025-06,920,10,35,3.8
2025-06,920,11,25,2.7
2025-06,920,12,29,3.2
2025-07,1159,0,1159,100.0
2025-07,1159,1,109,9.4
2025-07,1159,2,146,12.6
2025-07,1159,3,104,9.0
2025-07,1159,4,101,8.7
2025-07,1159,5,109,9.4
2025-07,1159,6,82,7.1
2025-07,1159,7,55,4.7
2025-07,1159,8,89,7.7
2025-07,1159,9,40,3.5
2025-07,1159,10,42,3.6
2025-07,1159,11,34,2.9
2025-07,1159,12,38,3.3
2025-08,1192,0,1192,100.0
2025-08,1192,1,160,13.4
2025-08,1192,2,112,9.4
2025-08,1192,3,100,8.4
2025-08,1192,4,129,10.8
2025-08,1192,5,83,7.0
2025-08,1192,6,67,5.6
2025-08,1192,7,94,7.9
2025-08,1192,8,54,4.5
2025-08,1192,9,40,3.4
2025-08,1192,10,64,5.4
2025-08,1192,11,50,4.2
2025-08,1192,12,59,4.9
2025-09,1394,0,1394,100.0
2025-09,1394,1,138,9.9
2025-09,1394,2,117,8.4
2025-09,1394,3,148,10.6
2025-09,1394,4,110,7.9
2025-09,1394,5,76,5.5
2025-09,1394,6,114,8.2
2025-09,1394,7,68,4.9
2025-09,1394,8,55,3.9
2025-09,1394,9,43,3.1
2025-09,1394,10,47,3.4
2025-09,1394,11,44,3.2
2025-10,1403,0,1403,100.0
2025-10,1403,1,158,11.3
2025-10,1403,2,153,10.9
2025-10,1403,3,115,8.2
2025-10,1403,4,97,6.9
2025-10,1403,5,128,9.1
2025-10,1403,6,82,5.8
2025-10,1403,7,53,3.8
2025-10,1403,8,49,3.5
2025-10,1403,9,64,4.6
2025-10,1403,10,65,4.6
2025-11,1543,0,1543,100.0
2025-11,1543,1,222,14.4
2025-11,1543,2,144,9.3
2025-11,1543,3,114,7.4
2025-11,1543,4,149,9.7
2025-11,1543,5,82,5.3
2025-11,1543,6,73,4.7
2025-11,1543,7,80,5.2
2025-11,1543,8,65,4.2
2025-11,1543,9,74,4.8
2025-12,1940,0,1940,100.0
2025-12,1940,1,189,9.7
2025-12,1940,2,140,7.2
2025-12,1940,3,228,11.8
2025-12,1940,4,132,6.8
2025-12,1940,5,100,5.2
2025-12,1940,6,92,4.7
2025-12,1940,7,93,4.8
2025-12,1940,8,88,4.5
2026-01,1440,0,1440,100.0
2026-01,1440,1,130,9.0
2026-01,1440,2,178,12.4
2026-01,1440,3,112,7.8
2026-01,1440,4,77,5.3
2026-01,1440,5,72,5.0
2026-01,1440,6,67,4.7
2026-01,1440,7,64,4.4
2026-02,1213,0,1213,100.0
2026-02,1213,1,193,15.9
2026-02,1213,2,91,7.5
2026-02,1213,3,69,5.7
2026-02,1213,4,75,6.2
2026-02,1213,5,78,6.4
2026-02,1213,6,78,6.4
2026-03,1300,0,1300,100.0
2026-03,1300,1,118,9.1
2026-03,1300,2,97,7.5
2026-03,1300,3,85,6.5
2026-03,1300,4,70,5.4
2026-03,1300,5,84,6.5
2026-04,1131,0,1131,100.0
2026-04,1131,1,86,7.6
2026-04,1131,2,89,7.9
2026-04,1131,3,90,8.0
2026-04,1131,4,78,6.9
2026-05,1161,0,1161,100.0
2026-05,1161,1,98,8.4
2026-05,1161,2,106,9.1
2026-05,1161,3,95,8.2
2026-06,1120,0,1120,100.0
2026-06,1120,1,104,9.3
2026-06,1120,2,98,8.8
2026-07,1318,0,1318,100.0
2026-07,1318,1,129,9.8
2026-08,1512,0,1512,100.0
