cohort_month,month_index,cohort_size,active_users,retention_pct,change_vs_prev_pp
2024-09-01,0,1141,1141,100.0,
2024-09-01,1,1141,98,8.6,
2024-09-01,2,1141,106,9.3,0.7
2024-09-01,3,1141,102,8.9,-0.4
2024-09-01,4,1141,82,7.2,-1.8
2024-09-01,5,1141,75,6.6,-0.6
2024-09-01,6,1141,103,9.0,2.5
2024-10-01,0,1126,1126,100.0,
2024-10-01,1,1126,119,10.6,
2024-10-01,2,1126,112,9.9,-0.6
2024-10-01,3,1126,103,9.1,-0.8
2024-10-01,4,1126,80,7.1,-2.0
2024-10-01,5,1126,125,11.1,4.0
2024-10-01,6,1126,61,5.4,-5.7
2024-11-01,0,1182,1182,100.0,
2024-11-01,1,1182,149,12.6,
2024-11-01,2,1182,109,9.2,-3.4
2024-11-01,3,1182,121,10.2,1.0
2024-11-01,4,1182,148,12.5,2.3
2024-11-01,5,1182,76,6.4,-6.1
2024-11-01,6,1182,66,5.6,-0.8
2024-12-01,0,1538,1538,100.0,
2024-12-01,1,1538,146,9.5,
2024-12-01,2,1538,165,10.7,1.2
2024-12-01,3,1538,211,13.7,3.0
2024-12-01,4,1538,107,7.0,-6.8
2024-12-01,5,1538,103,6.7,-0.3
2024-12-01,6,1538,82,5.3,-1.4
2025-01-01,0,1262,1262,100.0,
2025-01-01,1,1262,160,12.7,
2025-01-01,2,1262,183,14.5,1.8
2025-01-01,3,1262,83,6.6,-7.9
2025-01-01,4,1262,83,6.6,0.0
2025-01-01,5,1262,94,7.4,0.9
2025-01-01,6,1262,70,5.5,-1.9
2025-02-01,0,972,972,100.0,
2025-02-01,1,972,164,16.9,
2025-02-01,2,972,95,9.8,-7.1
2025-02-01,3,972,67,6.9,-2.9
2025-02-01,4,972,46,4.7,-2.2
2025-02-01,5,972,60,6.2,1.4
2025-02-01,6,972,53,5.5,-0.7
2025-03-01,0,1043,1043,100.0,
2025-03-01,1,1043,97,9.3,
2025-03-01,2,1043,89,8.5,-0.8
2025-03-01,3,1043,65,6.2,-2.3
2025-03-01,4,1043,65,6.2,0.0
2025-03-01,5,1043,69,6.6,0.4
2025-03-01,6,1043,94,9.0,2.4
2025-04-01,0,966,966,100.0,
2025-04-01,1,966,96,9.9,
2025-04-01,2,966,63,6.5,-3.4
2025-04-01,3,966,68,7.0,0.5
2025-04-01,4,966,55,5.7,-1.3
2025-04-01,5,966,82,8.5,2.8
2025-04-01,6,966,59,6.1,-2.4
2025-05-01,0,1006,1006,100.0,
2025-05-01,1,1006,95,9.4,
2025-05-01,2,1006,91,9.0,-0.4
2025-05-01,3,1006,72,7.2,-1.9
2025-05-01,4,1006,106,10.5,3.4
2025-05-01,5,1006,73,7.3,-3.3
2025-05-01,6,1006,61,6.1,-1.2
2025-06-01,0,920,920,100.0,
2025-06-01,1,920,76,8.3,
2025-06-01,2,920,85,9.2,1.0
2025-06-01,3,920,99,10.8,1.5
2025-06-01,4,920,66,7.2,-3.6
2025-06-01,5,920,64,7.0,-0.2
2025-06-01,6,920,69,7.5,0.5
2025-07-01,0,1159,1159,100.0,
2025-07-01,1,1159,109,9.4,
2025-07-01,2,1159,146,12.6,3.2
2025-07-01,3,1159,104,9.0,-3.6
2025-07-01,4,1159,101,8.7,-0.3
2025-07-01,5,1159,109,9.4,0.7
2025-07-01,6,1159,82,7.1,-2.3
2025-08-01,0,1192,1192,100.0,
2025-08-01,1,1192,160,13.4,
2025-08-01,2,1192,112,9.4,-4.0
2025-08-01,3,1192,100,8.4,-1.0
2025-08-01,4,1192,129,10.8,2.4
2025-08-01,5,1192,83,7.0,-3.9
2025-08-01,6,1192,67,5.6,-1.3
2025-09-01,0,1394,1394,100.0,
2025-09-01,1,1394,138,9.9,
2025-09-01,2,1394,117,8.4,-1.5
2025-09-01,3,1394,148,10.6,2.2
2025-09-01,4,1394,110,7.9,-2.7
2025-09-01,5,1394,76,5.5,-2.4
2025-09-01,6,1394,114,8.2,2.7
2025-10-01,0,1403,1403,100.0,
2025-10-01,1,1403,158,11.3,
2025-10-01,2,1403,153,10.9,-0.4
2025-10-01,3,1403,115,8.2,-2.7
2025-10-01,4,1403,97,6.9,-1.3
2025-10-01,5,1403,128,9.1,2.2
2025-10-01,6,1403,82,5.8,-3.3
2025-11-01,0,1543,1543,100.0,
2025-11-01,1,1543,222,14.4,
2025-11-01,2,1543,144,9.3,-5.1
2025-11-01,3,1543,114,7.4,-1.9
2025-11-01,4,1543,149,9.7,2.3
2025-11-01,5,1543,82,5.3,-4.3
2025-11-01,6,1543,73,4.7,-0.6
2025-12-01,0,1940,1940,100.0,
2025-12-01,1,1940,189,9.7,
2025-12-01,2,1940,140,7.2,-2.5
2025-12-01,3,1940,228,11.8,4.5
2025-12-01,4,1940,132,6.8,-4.9
2025-12-01,5,1940,100,5.2,-1.6
2025-12-01,6,1940,92,4.7,-0.4
2026-01-01,0,1440,1440,100.0,
2026-01-01,1,1440,130,9.0,
2026-01-01,2,1440,178,12.4,3.3
2026-01-01,3,1440,112,7.8,-4.6
2026-01-01,4,1440,77,5.3,-2.4
2026-01-01,5,1440,72,5.0,-0.3
2026-01-01,6,1440,67,4.7,-0.3
2026-02-01,0,1213,1213,100.0,
2026-02-01,1,1213,193,15.9,
2026-02-01,2,1213,91,7.5,-8.4
2026-02-01,3,1213,69,5.7,-1.8
2026-02-01,4,1213,75,6.2,0.5
2026-02-01,5,1213,78,6.4,0.2
2026-02-01,6,1213,78,6.4,0.0
2026-03-01,0,1300,1300,100.0,
2026-03-01,1,1300,118,9.1,
2026-03-01,2,1300,97,7.5,-1.6
2026-03-01,3,1300,85,6.5,-0.9
2026-03-01,4,1300,70,5.4,-1.2
2026-03-01,5,1300,84,6.5,1.1
2026-04-01,0,1131,1131,100.0,
2026-04-01,1,1131,86,7.6,
2026-04-01,2,1131,89,7.9,0.3
2026-04-01,3,1131,90,8.0,0.1
2026-04-01,4,1131,78,6.9,-1.1
2026-05-01,0,1161,1161,100.0,
2026-05-01,1,1161,98,8.4,
2026-05-01,2,1161,106,9.1,0.7
2026-05-01,3,1161,95,8.2,-0.9
2026-06-01,0,1120,1120,100.0,
2026-06-01,1,1120,104,9.3,
2026-06-01,2,1120,98,8.8,-0.5
2026-07-01,0,1318,1318,100.0,
2026-07-01,1,1318,129,9.8,
2026-08-01,0,1512,1512,100.0,
